{"cameraMode":{"drawMode":0,"name":"Shaded","section":"Shading Mode"},"sceneLighting":true,"audioPlay":false,"sceneViewState":{"showFog":true,"showMaterialUpdate":false,"showSkybox":true,"showFlares":true,"showImageEffects":true,"showParticleSystems":true},"in2DMode":false,"pivot":{"x":0.4201984405517578,"y":-1.1614484786987305,"z":10.951428413391114},"rotation":{"x":0.15198838710784913,"y":-0.7634320259094238,"z":0.19436804950237275,"w":0.5969229340553284},"size":24.44648551940918,"orthographic":false}